{
  "providers": {
    "awscloudformation": {
      "AuthRoleName": "amplify-dartknightssih-staging-92040-authRole",
      "UnauthRoleArn": "arn:aws:iam::312855018916:role/amplify-dartknightssih-staging-92040-unauthRole",
      "AuthRoleArn": "arn:aws:iam::312855018916:role/amplify-dartknightssih-staging-92040-authRole",
      "Region": "ap-south-1",
      "DeploymentBucketName": "amplify-dartknightssih-staging-92040-deployment",
      "UnauthRoleName": "amplify-dartknightssih-staging-92040-unauthRole",
      "StackName": "amplify-dartknightssih-staging-92040",
      "StackId": "arn:aws:cloudformation:ap-south-1:312855018916:stack/amplify-dartknightssih-staging-92040/b8bd3e80-0a68-11ed-a24c-02c6031d42fc",
      "AmplifyAppId": "d3mafaf5pxaj2t"
    }
  },
  "auth": {
    "DartKnightsSIH": {
      "service": "Cognito",
      "providerPlugin": "awscloudformation",
      "dependsOn": [],
      "customAuth": false,
      "frontendAuthConfig": {
        "socialProviders": [],
        "usernameAttributes": [
          "EMAIL"
        ],
        "signupAttributes": [],
        "passwordProtectionSettings": {
          "passwordPolicyMinLength": 8,
          "passwordPolicyCharacters": [
            "REQUIRES_LOWERCASE",
            "REQUIRES_NUMBERS",
            "REQUIRES_SYMBOLS",
            "REQUIRES_UPPERCASE"
          ]
        },
        "mfaConfiguration": "OFF",
        "mfaTypes": [
          "SMS"
        ],
        "verificationMechanisms": [
          "EMAIL"
        ]
      },
      "output": {
        "UserPoolId": "ap-south-1_TAqXrMNgh",
        "AppClientIDWeb": "6pdpl6u5ojsmuethje6c1kvanf",
        "AppClientID": "5r2nk0dcq5gv6813j23289n9m8",
        "IdentityPoolId": "ap-south-1:e78b1945-7d3c-4ca7-824a-fc7f9be319cf",
        "UserPoolArn": "arn:aws:cognito-idp:ap-south-1:312855018916:userpool/ap-south-1_TAqXrMNgh",
        "IdentityPoolName": "testAuthIdentityPool__staging",
        "UserPoolName": "DartKnightsSIH"
      },
      "lastPushTimeStamp": "2022-08-05T12:51:33.486Z",
      "providerMetadata": {
        "s3TemplateURL": "https://s3.amazonaws.com/amplify-dartknightssih-staging-92040-deployment/amplify-cfn-templates/auth/DartKnightsSIH-cloudformation-template.json",
        "logicalId": "authDartKnightsSIH"
      }
    }
  },
  "api": {
    "dartknightssih": {
      "service": "AppSync",
      "providerPlugin": "awscloudformation",
      "dependsOn": [],
      "output": {
        "authConfig": {
          "defaultAuthentication": {
            "authenticationType": "API_KEY",
            "apiKeyConfig": {
              "apiKeyExpirationDays": 365,
              "apiKeyExpirationDate": "2023-07-24T07:03:08.014Z",
              "description": "SIH_APIKEY"
            }
          },
          "additionalAuthenticationProviders": []
        },
        "GraphQLAPIIdOutput": "owuwl6pw6jeolnbpd4kqsp2gvy",
        "GraphQLAPIEndpointOutput": "https://4pz4owy3grhoxm3dfszqo2fhie.appsync-api.ap-south-1.amazonaws.com/graphql",
        "GraphQLAPIKeyOutput": "da2-vkgvsw6ydjblzbglkioacaaqy4"
      },
      "lastPushTimeStamp": "2022-08-05T12:51:33.692Z",
      "providerMetadata": {
        "s3TemplateURL": "https://s3.amazonaws.com/amplify-dartknightssih-staging-92040-deployment/amplify-cfn-templates/api/cloudformation-template.json",
        "logicalId": "apidartknightssih"
      },
      "lastPushDirHash": "y19dKcec4X6fYEhf9AO4V8tlWXs="
    }
  }
}