{
  "auth": {
    "DartKnightsSIH": {
      "service": "Cognito",
      "providerPlugin": "awscloudformation",
      "dependsOn": [],
      "customAuth": false,
      "frontendAuthConfig": {
        "socialProviders": [],
        "usernameAttributes": [
          "EMAIL"
        ],
        "signupAttributes": [],
        "passwordProtectionSettings": {
          "passwordPolicyMinLength": 8,
          "passwordPolicyCharacters": [
            "REQUIRES_LOWERCASE",
            "REQUIRES_NUMBERS",
            "REQUIRES_SYMBOLS",
            "REQUIRES_UPPERCASE"
          ]
        },
        "mfaConfiguration": "OFF",
        "mfaTypes": [
          "SMS"
        ],
        "verificationMechanisms": [
          "EMAIL"
        ]
      }
    }
  },
  "api": {
    "dartknightssih": {
      "service": "AppSync",
      "providerPlugin": "awscloudformation",
      "dependsOn": [],
      "output": {
        "authConfig": {
          "defaultAuthentication": {
            "authenticationType": "API_KEY",
            "apiKeyConfig": {
              "apiKeyExpirationDays": 365,
              "apiKeyExpirationDate": "2023-07-24T07:03:08.014Z",
              "description": "SIH_APIKEY"
            }
          },
          "additionalAuthenticationProviders": []
        }
      }
    }
  }
}